CardKey,顺序,词条,说明
card.judgment_hammer,1,keyword.activate,冷却6/5秒，对敌方英雄造成目标最大生命的 20% 普通伤害（小数向下取整，先扣护甲）。
card.beast_hide,1,keyword.pickup,当获得此卡牌后，此卡牌价值增加2/4/8/16。
card.boar,1,keyword.activate,冷却6秒，对敌方英雄造成20/30/50/100 × 己方英雄当前生命比例的普通伤害（小数向下取整，先扣护甲）。
card.diamond,1,keyword.pickup,当获得此卡牌后，此卡牌价值增加20。
card.jewelry_bag,1,keyword.sell,当出售此卡牌后，随机获得一张与此卡牌同等级的材料卡；双棋盘已满时不获得。
card.light_cavalry,1,keyword.activate,冷却3秒，对敌方英雄造成10/20/40/60伤害，并使己方战场区具备攻击能力的人类卡牌攻击增加10/20/40/60（包括此卡牌，可累计）；首次发动时，此卡牌冷却增加2秒。
card.armguard,1,keyword.aura,此卡牌具有1层多重（每层多重额外发动一次）
card.armguard,2,keyword.activate,冷却5秒，每次发动对敌方英雄造成5/10/15/20伤害，并使己方英雄获得5/10/15/20护甲。
card.arcane_shield,1,keyword.activate,冷却8/7/6秒，消耗20/40/80魔法，己方英雄获得等同于本场战斗累计魔法消耗的护甲（包含本次消耗），并叠加此卡牌的护甲数值加成。
card.military_boots,1,keyword.activate,冷却5秒，魔法消耗0，使左右直接相邻的己方战场卡牌获得1/2/3/4秒疾速；相邻卡牌具有人类标签时，持续时间翻倍。
card.cathedral,1,keyword.aura,己方战场区光属性卡牌获得1层多重；此卡牌被摧毁后失效，多张大教堂可叠加。
card.blacksmith,1,keyword.activate,冷却6秒，魔法消耗0，使己方战场区装备卡牌已有的攻击与护甲数值分别增加10/20/40；不会赋予原本不存在的攻击或护甲能力。
card.treasure_chest,1,keyword.sell,当出售此卡牌后，获得3件与此卡牌同等级的随机小型材料；每件奖励独立结算自动放置与合并，无法创建时跳过该件。
card.holy_slashing_blade,1,keyword.activate,冷却10秒，对敌方英雄造成200伤害，并随机本场摧毁敌方一件小型恶魔或亡灵卡牌
card.holy_slashing_blade,2,keyword.aura,本场战斗双方每有一件已被摧毁的恶魔或亡灵卡牌，此卡牌攻击翻倍（本次发动摧毁的卡牌立即计数）。
card.order_crusader,1,keyword.activate,冷却8秒，对敌方英雄造成40/80/120伤害
card.order_crusader,2,keyword.aura,敌方小型卡牌在战斗中视为恶魔，敌方每有一件未被摧毁的恶魔卡牌，此卡牌伤害增加10/20/40；此卡牌被摧毁后，赋予的恶魔标签立即失效。
card.holy_griffin,1,keyword.activate,冷却5秒，魔法消耗0，使相邻己方卡牌获得1秒疾速；此卡牌和随机一张相邻己方人类卡牌进入飞行。
card.holy_griffin,2,keyword.echo,当相邻己方人类卡牌获得疾速后，该卡牌攻击增加10/20/30。
card.nun,1,keyword.activate,冷却6秒，消耗10魔法，治疗己方英雄10/20/40/80生命，并随机充能己方另一件光属性卡牌1秒（不包括此卡牌）。
card.thorn_armor,1,keyword.activate,冷却8/7/6/5秒，己方英雄获得10/20/40/80护甲，再对敌方英雄造成等同于己方英雄当前护甲值加此卡牌攻击值的普通伤害（先扣敌方护甲）。
card.flying_broom,1,keyword.activate,冷却5/4/3/2秒，魔法消耗0，此卡牌进入飞行。
card.flying_broom,2,keyword.echo,当己方卡牌进入飞行时，该卡牌获得1秒疾速。
